{
    "Ca3637": [
        0.000265,
        2.2e-06
    ],
    "Ca3837": [
        0.000196,
        8.16e-07
    ],
    "Ca3937": [
        0.000695,
        9.2e-06
    ],
    "Ca_K": [
        1.96,
        0.0
    ],
    "Cl3638": [
        320.0,
        0.0
    ],
    "Cl_K": [
        2.9,
        0.0
    ],
    "K3739": [
        0.0,
        0.0
    ],
    "K3839": [
        0.0122,
        2.7e-05
    ],
    "K4039": [
        0.00073,
        9.2e-05
    ]
}