{
    "Ca3637": [
        0.000289,
        5e-06
    ],
    "Ca3837": [
        2e-05,
        5e-06
    ],
    "Ca3937": [
        0.00068,
        2e-05
    ],
    "Ca_K": [
        1.96,
        0.0
    ],
    "Cl3638": [
        320.0,
        0.0
    ],
    "Cl_K": [
        2.9,
        0.0
    ],
    "K3739": [
        0.0,
        0.0
    ],
    "K3839": [
        0.013,
        0.005
    ],
    "K4039": [
        0.0,
        0.0004
    ]
}